<?xml version="1.0" encoding="UTF-8"?>
<project-private xmlns="http://www.netbeans.org/ns/project-private/1">
    <editor-bookmarks xmlns="http://www.netbeans.org/ns/editor-bookmarks/2" lastBookmarkId="0"/>
    <open-files xmlns="http://www.netbeans.org/ns/projectui-open-files/2">
        <group>
            <file>file:/C:/Users/Fuller%20101/Documents/NetBeansProjects/cosa1/Patrones-de-Construccion/src/PatronPrototype/CertificadoCesion.java</file>
            <file>file:/C:/Users/Fuller%20101/Documents/NetBeansProjects/cosa1/Patrones-de-Construccion/src/FactoryMethod/Main.java</file>
            <file>file:/C:/Users/Fuller%20101/Documents/NetBeansProjects/cosa1/Patrones-de-Construccion/src/PatronPrototype/Documento.java</file>
            <file>file:/C:/Users/Fuller%20101/Documents/NetBeansProjects/cosa1/Patrones-de-Construccion/src/PatronPrototype/Documentacion.java</file>
            <file>file:/C:/Users/Fuller%20101/Documents/NetBeansProjects/cosa1/Patrones-de-Construccion/src/PatronPrototype/Main.java</file>
            <file>file:/C:/Users/Fuller%20101/Documents/NetBeansProjects/cosa1/Patrones-de-Construccion/src/PatronPrototype/DocumentacionBlanco.java</file>
            <file>file:/C:/Users/Fuller%20101/Documents/NetBeansProjects/cosa1/Patrones-de-Construccion/src/PatronPrototype/SolicitudMatriculacion.java</file>
            <file>file:/C:/Users/Fuller%20101/Documents/NetBeansProjects/cosa1/Patrones-de-Construccion/src/PatronPrototype/DocumentacionCliente.java</file>
            <file>file:/C:/Users/Fuller%20101/Documents/NetBeansProjects/cosa1/Patrones-de-Construccion/src/FactoryMethod/PedidoContado.java</file>
            <file>file:/C:/Users/Fuller%20101/Documents/NetBeansProjects/cosa1/Patrones-de-Construccion/src/FactoryMethod/Cliente.java</file>
            <file>file:/C:/Users/Fuller%20101/Documents/NetBeansProjects/cosa1/Patrones-de-Construccion/src/PatronPrototype/OrdenDePedido.java</file>
        </group>
    </open-files>
</project-private>
